segment,count,share,mean_p_fraud,median_p_fraud,mean_dts,median_dts,review_rate,decline_or_block_rate
all_customers,20000,1.0,0.03332943979627586,0.0022020552515681,949.71945,1000.0,0.0513,0.01065
frequent_roaming,1205,0.06025,0.03378006442806311,0.0022020552515681,946.3170124481328,1000.0,0.06058091286307054,0.004979253112033195
recent_port_in,2087,0.10435,0.06890627059325666,0.0061012812690665,908.7647340680403,967.0,0.09918543363679923,0.03114518447532343
low_device_tier,2902,0.1451,0.030502788008105665,0.0022020552515681,951.5241212956581,1000.0,0.04720882150241213,0.010682288077188146
shared_device,1059,0.05295,0.20703299365621616,0.0177073625349487,764.3323890462701,890.0,0.28517469310670446,0.11237016052880075
high_legit_usage,1997,0.09985,0.025983890617362233,0.0022020552515681,961.6249374061092,1000.0,0.03655483224837256,0.009013520280420632
