segment,count,share,mean_p_fraud,median_p_fraud,mean_dts,median_dts,review_rate,decline_or_block_rate,fraud_rate,reviewed_count,reviewed_fraud_count,reviewed_precision,false_positive_review_rate
all_customers,51047,1.0,0.03199012674593998,0.0022020552515681,953.7927204341097,1000.0,0.054577154387133425,0.009794894900777715,0.03199012674594002,2786,1368,0.4910265613783202,0.028696320880722062
frequent_roaming,2879,0.05639900483867808,0.039437674768005304,0.0039612676056338,939.730114623133,999.0,0.07711010767627649,0.009725599166377214,0.03647099687391455,222,87,0.3918918918918919,0.04866618601297765
recent_port_in,5112,0.10014300546555135,0.06332389328469856,0.0039612676056338,918.8212050078247,999.0,0.09898278560250391,0.027777777777777776,0.06768388106416276,506,303,0.5988142292490118,0.04259336970205623
low_device_tier,7396,0.14488608537230396,0.029279708198979258,0.0022020552515681,955.6845592212006,1000.0,0.05232558139534884,0.007706868577609519,0.030151433207138995,387,181,0.46770025839793283,0.028718806635996096
shared_device,2743,0.05373479342566654,0.19911002899505137,0.0089418777943368,777.9883339409406,940.0,0.2909223477943857,0.1068173532628509,0.1986875683558148,798,506,0.6340852130325815,0.13284804367606914
high_legit_usage,5094,0.09979038924912335,0.027120733695618435,0.0022020552515681,964.3074204946996,1000.0,0.044954848841774635,0.006870828425598744,0.031409501374165684,229,131,0.5720524017467249,0.019862180786380218
