component,score_column,dataset,target,auc,pr_auc,recall_at_4pct,recall_at_5pct,sim_swap_ato_count,evaluated_rows,status
iso,iso_rank_pct,train,sim_swap_ato,0.7576777357833495,0.03276656387459159,0.1903807615230461,0.23847695390781562,499,51047,ok
lof,lof_rank_pct,train,sim_swap_ato,0.8225341241952132,0.03994048530134055,0.22444889779559118,0.27655310621242485,499,51047,ok
blend_90_10,anomaly_score,train,sim_swap_ato,0.7780982951897306,0.045277943926855135,0.24849699398797595,0.2845691382765531,499,51047,ok
graph_neighbor,neighbor_anomaly_rank_pct,train,sim_swap_ato,0.5369538435896879,0.010996474303938993,0.036072144288577156,0.04609218436873747,499,51047,ok
graph_adjusted,graph_adjusted_anomaly_score,train,sim_swap_ato,0.7746311646796006,0.03409188173789661,0.22044088176352705,0.2685370741482966,499,51047,ok
